Scope,MAE (tCO2e),MAPE (%)
Scope 1,12.104343918120321,0.6816930222248176
Scope 2,10.568313013907906,0.8848680194715597
